Title,Release,Genre,Rating,Runtime,Revenue,Decade
The Shawshank Redemption,1994,Drama,9.3,142,28.341469,1990
The Godfather,1972,Crime,9.2,175,134.966411,1970
The Dark Knight,2008,Action,9.0,152,534.858444,2000
The Godfather: Part II,1974,Crime,9.0,202,57.3,1970
12 Angry Men,1957,Crime,9.0,96,4.36,1950
The Lord of the Rings: The Return of the King,2003,Action,8.9,201,377.845905,2000
Pulp Fiction,1994,Crime,8.9,154,107.928762,1990
Schindler's List,1993,Biography,8.9,195,96.898818,1990
Inception,2010,Action,8.8,148,292.576195,2010
Fight Club,1999,Drama,8.8,139,37.030102,1990
The Lord of the Rings: The Fellowship of the Ring,2001,Action,8.8,178,315.54475,2000
Forrest Gump,1994,Drama,8.8,142,330.252182,1990
"Il buono, il brutto, il cattivo",1966,Western,8.8,161,6.1,1960
The Lord of the Rings: The Two Towers,2002,Action,8.7,179,342.551365,2000
The Matrix,1999,Action,8.7,136,171.47993,1990
Goodfellas,1990,Biography,8.7,146,46.836394,1990
Star Wars: Episode V - The Empire Strikes Back,1980,Action,8.7,124,290.475067,1980
One Flew Over the Cuckoo's Nest,1975,Drama,8.7,133,112.0,1970
Hamilton,2020,Biography,8.6,160,,2020
Gisaengchung,2019,Comedy,8.6,132,53.367844,2010
Soorarai Pottru,2020,Drama,8.6,153,,2020
Interstellar,2014,Adventure,8.6,169,188.020017,2010
Cidade de Deus,2002,Crime,8.6,130,7.563397,2000
Sen to Chihiro no kamikakushi,2001,Animation,8.6,125,10.055859,2000
Saving Private Ryan,1998,Drama,8.6,169,216.540909,1990
The Green Mile,1999,Crime,8.6,189,136.801374,1990
La vita è bella,1997,Comedy,8.6,116,57.598247,1990
Se7en,1995,Crime,8.6,127,100.125643,1990
The Silence of the Lambs,1991,Crime,8.6,118,130.742922,1990
Star Wars,1977,Action,8.6,121,322.74014,1970
Seppuku,1962,Action,8.6,133,,1960
Shichinin no samurai,1954,Action,8.6,207,0.269061,1950
It's a Wonderful Life,1946,Drama,8.6,130,,1940
Joker,2019,Crime,8.5,122,335.451311,2010
Whiplash,2014,Drama,8.5,106,13.092,2010
The Intouchables,2011,Biography,8.5,112,13.182281,2010
The Prestige,2006,Drama,8.5,130,53.089891,2000
The Departed,2006,Crime,8.5,151,132.384315,2000
The Pianist,2002,Biography,8.5,150,32.572577,2000
Gladiator,2000,Action,8.5,155,187.705427,2000
American History X,1998,Drama,8.5,119,6.719864,1990
The Usual Suspects,1995,Crime,8.5,106,23.341568,1990
Léon,1994,Action,8.5,110,19.501238,1990
The Lion King,1994,Animation,8.5,88,422.783777,1990
Terminator 2: Judgment Day,1991,Action,8.5,137,204.84335,1990
Nuovo Cinema Paradiso,1988,Drama,8.5,155,11.990401,1980
Hotaru no haka,1988,Animation,8.5,89,,1980
Back to the Future,1985,Adventure,8.5,116,210.609762,1980
Once Upon a Time in the West,1968,Western,8.5,165,5.321508,1960
Psycho,1960,Horror,8.5,109,32.0,1960
Casablanca,1942,Drama,8.5,102,1.02456,1940
Modern Times,1936,Comedy,8.5,87,0.163245,1930
City Lights,1931,Comedy,8.5,87,0.019181,1930
Capharnaüm,2018,Drama,8.4,126,1.661096,2010
Ayla: The Daughter of War,2017,Biography,8.4,125,,2010
Vikram Vedha,2017,Action,8.4,147,,2010
Kimi no na wa.,2016,Animation,8.4,106,5.017246,2010
Dangal,2016,Action,8.4,161,12.391761,2010
Spider-Man: Into the Spider-Verse,2018,Animation,8.4,117,190.24131,2010
Avengers: Endgame,2019,Action,8.4,181,858.373,2010
Avengers: Infinity War,2018,Action,8.4,149,678.815482,2010
Coco,2017,Animation,8.4,105,209.726015,2010
Django Unchained,2012,Drama,8.4,165,162.805434,2010
The Dark Knight Rises,2012,Action,8.4,164,448.139099,2010
3 Idiots,2009,Comedy,8.4,170,6.532908,2000
Taare Zameen Par,2007,Drama,8.4,165,1.223869,2000
WALL·E,2008,Animation,8.4,98,223.808164,2000
The Lives of Others,2006,Drama,8.4,137,11.286112,2000
Oldeuboi,2003,Action,8.4,101,0.707481,2000
Memento,2000,Mystery,8.4,113,25.544867,2000
Mononoke-hime,1997,Animation,8.4,134,2.375308,1990
Once Upon a Time in America,1984,Crime,8.4,229,5.321508,1980
Raiders of the Lost Ark,1981,Action,8.4,115,248.159971,1980
The Shining,1980,Drama,8.4,146,44.017374,1980
Apocalypse Now,1979,Drama,8.4,147,83.471511,1970
Alien,1979,Horror,8.4,117,78.9,1970
Anand,1971,Drama,8.4,122,,1970
Tengoku to jigoku,1963,Crime,8.4,143,,1960
Dr. Strangelove or: How I Learned to Stop Worrying and Love the Bomb,1964,Comedy,8.4,95,0.275902,1960
Witness for the Prosecution,1957,Crime,8.4,116,8.175,1950
Paths of Glory,1957,Drama,8.4,88,,1950
Rear Window,1954,Mystery,8.4,112,36.764313,1950
Sunset Blvd.,1950,Drama,8.4,110,,1950
The Great Dictator,1940,Comedy,8.4,125,0.288475,1940
1917,2019,Drama,8.3,119,159.227644,2010
Tumbbad,2018,Drama,8.3,104,,2010
Andhadhun,2018,Crime,8.3,139,1.373943,2010
Drishyam,2013,Crime,8.3,160,,2010
Jagten,2012,Drama,8.3,115,0.687185,2010
Jodaeiye Nader az Simin,2011,Drama,8.3,123,7.098492,2010
Incendies,2010,Drama,8.3,131,6.857096,2010
Miracle in cell NO.7,2019,Drama,8.3,132,,2010
Babam ve Oglum,2005,Drama,8.3,112,,2000
Inglourious Basterds,2009,Adventure,8.3,153,120.540719,2000
Eternal Sunshine of the Spotless Mind,2004,Drama,8.3,108,34.400301,2000
Amélie,2001,Comedy,8.3,122,33.225499,2000
Snatch,2000,Comedy,8.3,104,30.328156,2000
Requiem for a Dream,2000,Drama,8.3,102,3.635482,2000
American Beauty,1999,Drama,8.3,122,130.096601,1990
Good Will Hunting,1997,Drama,8.3,126,138.433435,1990
Bacheha-Ye aseman,1997,Drama,8.3,89,0.933933,1990
Toy Story,1995,Animation,8.3,81,191.796233,1990
Braveheart,1995,Biography,8.3,178,75.6,1990
Reservoir Dogs,1992,Crime,8.3,99,2.832029,1990
Full Metal Jacket,1987,Drama,8.3,116,46.357676,1980
Idi i smotri,1985,Drama,8.3,142,,1980
Aliens,1986,Action,8.3,137,85.160248,1980
Amadeus,1984,Biography,8.3,160,51.973029,1980
Scarface,1983,Crime,8.3,170,45.598982,1980
Star Wars: Episode VI - Return of the Jedi,1983,Action,8.3,131,309.125409,1980
Das Boot,1981,Adventure,8.3,149,11.487676,1980
Taxi Driver,1976,Crime,8.3,114,28.262574,1970
The Sting,1973,Comedy,8.3,129,159.6,1970
A Clockwork Orange,1971,Crime,8.3,136,6.207725,1970
2001: A Space Odyssey,1968,Adventure,8.3,149,56.954992,1960
Per qualche dollaro in più,1965,Western,8.3,132,15.0,1960
Lawrence of Arabia,1962,Adventure,8.3,228,44.824144,1960
The Apartment,1960,Comedy,8.3,125,18.6,1960
North by Northwest,1959,Adventure,8.3,136,13.275,1950
Vertigo,1958,Mystery,8.3,128,3.2,1950
Singin' in the Rain,1952,Comedy,8.3,103,8.819028,1950
Ikiru,1952,Drama,8.3,143,0.05524,1950
Ladri di biciclette,1948,Drama,8.3,89,0.33293,1940
Double Indemnity,1944,Crime,8.3,107,5.72,1940
Citizen Kane,1941,Drama,8.3,119,1.585634,1940
M - Eine Stadt sucht einen Mörder,1931,Crime,8.3,117,0.028877,1930
Metropolis,1927,Drama,8.3,153,1.236166,1920
The Kid,1921,Comedy,8.3,68,5.45,1920
Chhichhore,2019,Comedy,8.2,143,0.898575,2010
Uri: The Surgical Strike,2018,Action,8.2,138,4.186168,2010
K.G.F: Chapter 1,2018,Action,8.2,156,,2010
Green Book,2018,Biography,8.2,130,85.080171,2010
"Three Billboards Outside Ebbing, Missouri",2017,Comedy,8.2,115,54.51374,2010
Talvar,2015,Crime,8.2,132,0.34237,2010
Baahubali 2: The Conclusion,2017,Action,8.2,167,20.186659,2010
Klaus,2019,Animation,8.2,96,,2010
Drishyam,2015,Crime,8.2,163,0.739478,2010
Queen,2013,Adventure,8.2,146,1.429534,2010
Mandariinid,2013,Drama,8.2,87,0.144501,2010
Bhaag Milkha Bhaag,2013,Biography,8.2,186,1.626289,2010
Gangs of Wasseypur,2012,Action,8.2,321,,2010
Udaan,2010,Drama,8.2,134,0.007461,2010
Paan Singh Tomar,2012,Action,8.2,135,0.039567,2010
El secreto de sus ojos,2009,Drama,8.2,129,6.391436,2000
Warrior,2011,Action,8.2,140,13.657115,2010
Shutter Island,2010,Mystery,8.2,138,128.012934,2010
Up,2009,Animation,8.2,96,293.004164,2000
The Wolf of Wall Street,2013,Biography,8.2,180,116.900694,2010
Chak De! India,2007,Drama,8.2,153,1.113541,2000
There Will Be Blood,2007,Drama,8.2,158,40.222514,2000
Pan's Labyrinth,2006,Drama,8.2,118,37.634615,2000
Toy Story 3,2010,Animation,8.2,103,415.00488,2010
V for Vendetta,2005,Action,8.2,132,70.511035,2000
Rang De Basanti,2006,Comedy,8.2,167,2.197331,2000
Black,2005,Drama,8.2,122,0.733094,2000
Batman Begins,2005,Action,8.2,140,206.852432,2000
"Swades: We, the People",2004,Drama,8.2,210,1.22324,2000
Der Untergang,2004,Biography,8.2,156,5.50904,2000
Hauru no ugoku shiro,2004,Animation,8.2,119,4.711096,2000
A Beautiful Mind,2001,Biography,8.2,135,170.742341,2000
Hera Pheri,2000,Action,8.2,156,,2000
"Lock, Stock and Two Smoking Barrels",1998,Action,8.2,107,3.897569,1990
L.A. Confidential,1997,Crime,8.2,138,64.61694,1990
Eskiya,1996,Crime,8.2,128,,1990
Heat,1995,Crime,8.2,170,67.436818,1990
Casino,1995,Crime,8.2,178,42.4383,1990
Andaz Apna Apna,1994,Action,8.2,160,,1990
Unforgiven,1992,Drama,8.2,130,101.157447,1990
Indiana Jones and the Last Crusade,1989,Action,8.2,127,197.171806,1980
Dom za vesanje,1988,Comedy,8.2,142,0.280015,1980
Tonari no Totoro,1988,Animation,8.2,86,1.105564,1980
Die Hard,1988,Action,8.2,132,83.008852,1980
Ran,1985,Action,8.2,162,4.13575,1980
Raging Bull,1980,Biography,8.2,129,23.383987,1980
Stalker,1979,Drama,8.2,162,0.234723,1970
Höstsonaten,1978,Drama,8.2,99,,1970
The Message,1976,Biography,8.2,177,,1970
Sholay,1975,Action,8.2,204,,1970
Monty Python and the Holy Grail,1975,Adventure,8.2,91,1.229197,1970
The Great Escape,1963,Adventure,8.2,172,12.1,1960
To Kill a Mockingbird,1962,Crime,8.2,129,,1960
Yôjinbô,1961,Action,8.2,110,,1960
Judgment at Nuremberg,1961,Drama,8.2,179,,1960
Some Like It Hot,1959,Comedy,8.2,121,25.0,1950
Smultronstället,1957,Drama,8.2,91,,1950
Det sjunde inseglet,1957,Drama,8.2,96,,1950
Du rififi chez les hommes,1955,Crime,8.2,118,0.057226,1950
Dial M for Murder,1954,Crime,8.2,105,0.012562,1950
Tôkyô monogatari,1953,Drama,8.2,136,,1950
Rashômon,1950,Crime,8.2,88,0.096568,1950
All About Eve,1950,Drama,8.2,138,0.010177,1950
The Treasure of the Sierra Madre,1948,Adventure,8.2,126,5.014,1940
To Be or Not to Be,1942,Comedy,8.2,99,,1940
The Gold Rush,1925,Adventure,8.2,95,5.45,1920
Sherlock Jr.,1924,Action,8.2,45,0.977375,1920
Portrait de la jeune fille en feu,2019,Drama,8.1,122,3.759854,2010
Pink,2016,Drama,8.1,136,1.241223,2010
Koe no katachi,2016,Animation,8.1,130,,2010
Contratiempo,2016,Crime,8.1,106,,2010
Ah-ga-ssi,2016,Drama,8.1,145,2.006788,2010
Mommy,2014,Drama,8.1,139,3.492754,2010
Haider,2014,Action,8.1,160,0.90161,2010
Logan,2017,Action,8.1,137,226.277068,2010
Room,2015,Drama,8.1,118,14.677674,2010
Relatos salvajes,2014,Comedy,8.1,122,3.107072,2010
Soul,2020,Animation,8.1,100,,2020
Kis Uykusu,2014,Drama,8.1,196,0.16552,2010
PK,2014,Comedy,8.1,153,10.616104,2010
OMG: Oh My God!,2012,Comedy,8.1,125,0.923221,2010
The Grand Budapest Hotel,2014,Adventure,8.1,99,59.100318,2010
Gone Girl,2014,Drama,8.1,149,167.767189,2010
Ôkami kodomo no Ame to Yuki,2012,Animation,8.1,117,,2010
Hacksaw Ridge,2016,Biography,8.1,139,67.209615,2010
Inside Out,2015,Animation,8.1,95,356.461711,2010
Barfi!,2012,Comedy,8.1,151,2.804874,2010
12 Years a Slave,2013,Biography,8.1,134,56.671993,2010
Rush,2013,Action,8.1,123,26.947624,2010
Ford v Ferrari,2019,Action,8.1,152,117.624028,2010
Spotlight,2015,Biography,8.1,129,45.055776,2010
Song of the Sea,2014,Animation,8.1,93,0.857524,2010
Kahaani,2012,Mystery,8.1,122,1.035953,2010
Zindagi Na Milegi Dobara,2011,Comedy,8.1,155,3.108485,2010
Prisoners,2013,Crime,8.1,153,61.002302,2010
Mad Max: Fury Road,2015,Action,8.1,120,154.05834,2010
A Wednesday,2008,Action,8.1,104,,2000
Gran Torino,2008,Drama,8.1,116,148.095302,2000
Harry Potter and the Deathly Hallows: Part 2,2011,Adventure,8.1,130,381.011219,2010
Okuribito,2008,Drama,8.1,130,1.49821,2000
Hachi: A Dog's Tale,2009,Biography,8.1,93,,2000
Mary and Max,2009,Animation,8.1,92,,2000
How to Train Your Dragon,2010,Animation,8.1,98,217.581231,2010
Into the Wild,2007,Adventure,8.1,148,18.354356,2000
No Country for Old Men,2007,Crime,8.1,122,74.283625,2000
Lage Raho Munna Bhai,2006,Comedy,8.1,144,2.217561,2000
Million Dollar Baby,2004,Drama,8.1,132,100.492203,2000
Hotel Rwanda,2004,Biography,8.1,121,23.530892,2000
Taegukgi hwinalrimyeo,2004,Action,8.1,140,1.111061,2000
Before Sunset,2004,Drama,8.1,80,5.820649,2000
Munna Bhai M.B.B.S.,2003,Comedy,8.1,156,,2000
Salinui chueok,2003,Crime,8.1,131,0.014131,2000
Dil Chahta Hai,2001,Comedy,8.1,183,0.3,2000
Kill Bill: Vol. 1,2003,Action,8.1,111,70.099045,2000
Finding Nemo,2003,Animation,8.1,100,380.843261,2000
Catch Me If You Can,2002,Biography,8.1,141,164.615351,2000
Amores perros,2000,Drama,8.1,154,5.383834,2000
"Monsters, Inc.",2001,Animation,8.1,92,289.916256,2000
"Shin seiki Evangelion Gekijô-ban: Air/Magokoro wo, kimi ni",1997,Animation,8.1,87,,1990
Lagaan: Once Upon a Time in India,2001,Adventure,8.1,224,0.070147,2000
The Sixth Sense,1999,Drama,8.1,107,293.506292,1990
La leggenda del pianista sull'oceano,1998,Drama,8.1,169,0.259127,1990
The Truman Show,1998,Comedy,8.1,103,125.618201,1990
"Crna macka, beli macor",1998,Comedy,8.1,127,0.34866,1990
The Big Lebowski,1998,Comedy,8.1,117,17.498804,1990
Fa yeung nin wah,2000,Drama,8.1,98,2.734044,2000
Trainspotting,1996,Drama,8.1,93,16.501785,1990
Fargo,1996,Crime,8.1,98,24.611975,1990
Underground,1995,Comedy,8.1,170,0.171082,1990
La haine,1995,Crime,8.1,98,0.309811,1990
Dilwale Dulhania Le Jayenge,1995,Drama,8.1,189,,1990
Before Sunrise,1995,Drama,8.1,101,5.535405,1990
Trois couleurs: Rouge,1994,Drama,8.1,99,4.043686,1990
Chung Hing sam lam,1994,Comedy,8.1,102,0.6002,1990
Jurassic Park,1993,Action,8.1,127,402.453882,1990
In the Name of the Father,1993,Biography,8.1,133,25.01041,1990
Ba wang bie ji,1993,Drama,8.1,171,5.216888,1990
Dà hóng denglong gaogao guà,1991,Drama,8.1,125,2.603061,1990
Dead Poets Society,1989,Comedy,8.1,128,95.860116,1980
Stand by Me,1986,Adventure,8.1,89,52.287414,1980
Platoon,1986,Drama,8.1,120,138.530565,1980
"Paris, Texas",1984,Drama,8.1,145,2.181987,1980
Kaze no tani no Naushika,1984,Animation,8.1,117,0.49577,1980
The Thing,1982,Horror,8.1,109,13.782838,1980
Pink Floyd: The Wall,1982,Drama,8.1,95,22.244207,1980
Fitzcarraldo,1982,Adventure,8.1,158,,1980
Fanny och Alexander,1982,Drama,8.1,188,4.97134,1980
Blade Runner,1982,Action,8.1,117,32.868943,1980
The Elephant Man,1980,Biography,8.1,124,,1980
Life of Brian,1979,Comedy,8.1,94,20.045115,1970
The Deer Hunter,1978,Drama,8.1,183,48.979328,1970
Rocky,1976,Drama,8.1,120,117.235247,1970
Network,1976,Drama,8.1,121,,1970
Barry Lyndon,1975,Adventure,8.1,185,,1970
Zerkalo,1975,Biography,8.1,107,0.177345,1970
Chinatown,1974,Drama,8.1,130,29.0,1970
Paper Moon,1973,Comedy,8.1,102,30.933743,1970
Viskningar och rop,1972,Drama,8.1,91,1.742348,1970
Solaris,1972,Drama,8.1,167,,1970
Le samouraï,1967,Crime,8.1,105,0.039481,1960
Cool Hand Luke,1967,Crime,8.1,127,16.217773,1960
Persona,1966,Drama,8.1,85,,1960
Andrei Rublev,1966,Biography,8.1,205,0.102021,1960
La battaglia di Algeri,1966,Drama,8.1,121,0.055908,1960
El ángel exterminador,1962,Drama,8.1,95,,1960
What Ever Happened to Baby Jane?,1962,Drama,8.1,134,4.05,1960
Sanjuro,1962,Action,8.1,96,,1960
The Man Who Shot Liberty Valance,1962,Drama,8.1,123,,1960
Ivanovo detstvo,1962,Drama,8.1,95,,1960
Jungfrukällan,1960,Drama,8.1,89,1.526,1960
Inherit the Wind,1960,Biography,8.1,128,,1960
Les quatre cents coups,1959,Crime,8.1,99,,1950
Ben-Hur,1959,Adventure,8.1,212,74.7,1950
Kakushi-toride no san-akunin,1958,Adventure,8.1,139,,1950
Le notti di Cabiria,1957,Drama,8.1,110,0.752045,1950
Kumonosu-jô,1957,Drama,8.1,110,,1950
The Bridge on the River Kwai,1957,Adventure,8.1,161,44.908,1950
On the Waterfront,1954,Crime,8.1,108,9.6,1950
Le salaire de la peur,1953,Adventure,8.1,131,,1950
Ace in the Hole,1951,Drama,8.1,111,3.969893,1950
White Heat,1949,Action,8.1,114,,1940
The Third Man,1949,Film-Noir,8.1,104,0.449191,1940
The Red Shoes,1948,Drama,8.1,135,10.9,1940
The Shop Around the Corner,1940,Comedy,8.1,99,0.2033,1940
Rebecca,1940,Drama,8.1,130,4.36,1940
Mr. Smith Goes to Washington,1939,Comedy,8.1,129,9.6,1930
Gone with the Wind,1939,Drama,8.1,238,198.676459,1930
La Grande Illusion,1937,Drama,8.1,113,0.172885,1930
It Happened One Night,1934,Comedy,8.1,105,4.36,1930
La passion de Jeanne d'Arc,1928,Biography,8.1,110,0.021877,1920
The Circus,1928,Comedy,8.1,72,,1920
Sunrise: A Song of Two Humans,1927,Drama,8.1,94,0.53954,1920
The General,1926,Action,8.1,67,1.033895,1920
Das Cabinet des Dr. Caligari,1920,Fantasy,8.1,76,,1920
Badhaai ho,2018,Comedy,8.0,124,,2010
Togo,2019,Adventure,8.0,113,,2010
Airlift,2016,Drama,8.0,130,,2010
Bajrangi Bhaijaan,2015,Action,8.0,163,8.178001,2010
Baby,2015,Action,8.0,159,,2010
La La Land,2016,Comedy,8.0,128,151.101803,2010
Lion,2016,Biography,8.0,118,51.739495,2010
The Martian,2015,Adventure,8.0,144,228.433663,2010
Zootopia,2016,Animation,8.0,108,341.268248,2010
Bãhubali: The Beginning,2015,Action,8.0,159,6.738,2010
Kaguyahime no monogatari,2013,Animation,8.0,137,1.506975,2010
Wonder,2017,Drama,8.0,113,132.422809,2010
Gully Boy,2019,Drama,8.0,154,5.566534,2010
Special Chabbis,2013,Crime,8.0,144,1.079369,2010
Short Term 12,2013,Drama,8.0,96,1.010414,2010
Serbuan maut 2: Berandal,2014,Action,8.0,150,2.625803,2010
The Imitation Game,2014,Biography,8.0,114,91.125683,2010
Guardians of the Galaxy,2014,Action,8.0,121,333.1766,2010
Blade Runner 2049,2017,Action,8.0,164,92.054159,2010
Her,2013,Drama,8.0,126,25.568251,2010
Bohemian Rhapsody,2018,Biography,8.0,134,216.428042,2010
The Revenant,2015,Action,8.0,156,183.637894,2010
The Perks of Being a Wallflower,2012,Drama,8.0,103,17.73857,2010
Tropa de Elite 2: O Inimigo Agora é Outro,2010,Action,8.0,115,0.100119,2010
The King's Speech,2010,Biography,8.0,118,138.797449,2010
The Help,2011,Drama,8.0,146,169.708112,2010
Deadpool,2016,Action,8.0,108,363.070709,2010
Darbareye Elly,2009,Drama,8.0,119,0.106662,2000
Dev.D,2009,Drama,8.0,144,0.01095,2000
Yip Man,2008,Action,8.0,106,,2000
My Name Is Khan,2010,Drama,8.0,165,4.018695,2010
Nefes: Vatan Sagolsun,2009,Action,8.0,128,,2000
Slumdog Millionaire,2008,Drama,8.0,120,141.319928,2000
Black Swan,2010,Drama,8.0,108,106.954678,2010
Tropa de Elite,2007,Action,8.0,115,0.00806,2000
The Avengers,2012,Action,8.0,143,623.279547,2010
Persepolis,2007,Animation,8.0,96,4.445756,2000
Dallas Buyers Club,2013,Biography,8.0,117,27.298285,2010
The Pursuit of Happyness,2006,Biography,8.0,117,163.566459,2000
Blood Diamond,2006,Adventure,8.0,143,57.366262,2000
The Bourne Ultimatum,2007,Action,8.0,115,227.47107,2000
Bin-jip,2004,Crime,8.0,88,0.238507,2000
Sin City,2005,Crime,8.0,124,74.10382,2000
Le scaphandre et le papillon,2007,Biography,8.0,112,5.990075,2000
G.O.R.A.,2004,Adventure,8.0,127,,2000
Ratatouille,2007,Animation,8.0,111,206.445654,2000
Casino Royale,2006,Action,8.0,144,167.44596,2000
Kill Bill: Vol. 2,2004,Action,8.0,137,66.208183,2000
Vozvrashchenie,2003,Drama,8.0,110,0.502028,2000
Bom Yeoareum Gaeul Gyeoul Geurigo Bom,2003,Drama,8.0,103,2.380788,2000
Mar adentro,2014,Biography,8.0,126,2.086345,2010
Cinderella Man,2005,Biography,8.0,144,61.649911,2000
Kal Ho Naa Ho,2003,Comedy,8.0,186,1.787378,2000
Mou gaan dou,2002,Action,8.0,101,0.169659,2000
Pirates of the Caribbean: The Curse of the Black Pearl,2003,Action,8.0,143,305.413918,2000
Big Fish,2003,Adventure,8.0,125,66.257002,2000
The Incredibles,2004,Animation,8.0,115,261.441092,2000
Yeopgijeogin geunyeo,2001,Comedy,8.0,137,,2000
Dogville,2003,Crime,8.0,178,1.530386,2000
Vizontele,2001,Comedy,8.0,110,,2000
Donnie Darko,2001,Drama,8.0,113,1.480006,2000
Magnolia,1999,Drama,8.0,188,22.455976,1990
Dancer in the Dark,2000,Crime,8.0,140,4.184036,2000
The Straight Story,1999,Biography,8.0,112,6.203044,1990
Pâfekuto burû,1997,Animation,8.0,81,0.776665,1990
Festen,1998,Drama,8.0,105,1.64778,1990
Central do Brasil,1998,Drama,8.0,110,5.595428,1990
The Iron Giant,1999,Animation,8.0,86,23.159305,1990
Knockin' on Heaven's Door,1997,Action,8.0,87,0.003296,1990
Sling Blade,1996,Drama,8.0,135,24.475416,1990
Secrets & Lies,1996,Comedy,8.0,136,13.417292,1990
Twelve Monkeys,1995,Mystery,8.0,129,57.141459,1990
Kôkaku Kidôtai,1995,Animation,8.0,83,0.515905,1990
The Nightmare Before Christmas,1993,Animation,8.0,76,75.082668,1990
Groundhog Day,1993,Comedy,8.0,101,70.906973,1990
Bound by Honor,1993,Crime,8.0,180,4.496583,1990
Scent of a Woman,1992,Drama,8.0,156,63.895607,1990
Aladdin,1992,Animation,8.0,90,217.350219,1990
JFK,1991,Drama,8.0,189,70.405498,1990
Beauty and the Beast,1991,Animation,8.0,84,218.96762,1990
Dances with Wolves,1990,Adventure,8.0,181,184.208848,1990
Do the Right Thing,1989,Comedy,8.0,120,27.545445,1980
Rain Man,1988,Drama,8.0,133,178.8,1980
Akira,1988,Animation,8.0,124,0.553171,1980
The Princess Bride,1987,Adventure,8.0,98,30.857814,1980
Der Himmel über Berlin,1987,Drama,8.0,128,3.333969,1980
Au revoir les enfants,1987,Drama,8.0,104,4.542825,1980
Tenkû no shiro Rapyuta,1986,Animation,8.0,125,,1980
The Terminator,1984,Action,8.0,107,38.4,1980
Gandhi,1982,Biography,8.0,191,52.767889,1980
Kagemusha,1980,Drama,8.0,180,,1980
Being There,1979,Comedy,8.0,130,30.177511,1970
Annie Hall,1977,Comedy,8.0,93,39.2,1970
Jaws,1975,Adventure,8.0,124,260.0,1970
Dog Day Afternoon,1975,Biography,8.0,125,50.0,1970
Young Frankenstein,1974,Comedy,8.0,106,86.3,1970
Papillon,1973,Biography,8.0,151,53.267,1970
The Exorcist,1973,Horror,8.0,122,232.906145,1970
Sleuth,1972,Mystery,8.0,138,4.081254,1970
The Last Picture Show,1971,Drama,8.0,118,29.133,1970
Fiddler on the Roof,1971,Drama,8.0,181,80.5,1970
Il conformista,1970,Drama,8.0,113,0.54194,1970
Butch Cassidy and the Sundance Kid,1969,Biography,8.0,110,102.308889,1960
Rosemary's Baby,1968,Drama,8.0,137,,1960
Planet of the Apes,1968,Adventure,8.0,112,33.395426,1960
The Graduate,1967,Comedy,8.0,106,104.945305,1960
Who's Afraid of Virginia Woolf?,1966,Drama,8.0,131,,1960
The Sound of Music,1965,Biography,8.0,172,163.214286,1960
Doctor Zhivago,1965,Drama,8.0,197,111.722,1960
Per un pugno di dollari,1964,Action,8.0,99,14.5,1960
8½,1963,Drama,8.0,138,0.05069,1960
Vivre sa vie: Film en douze tableaux,1962,Drama,8.0,80,,1960
The Hustler,1961,Drama,8.0,134,8.284,1960
La dolce vita,1960,Comedy,8.0,174,19.516,1960
Rio Bravo,1959,Action,8.0,141,12.535,1950
Anatomy of a Murder,1959,Crime,8.0,161,11.9,1950
Touch of Evil,1958,Crime,8.0,95,2.237659,1950
Cat on a Hot Tin Roof,1958,Drama,8.0,108,17.570324,1950
Sweet Smell of Success,1957,Drama,8.0,96,,1950
The Killing,1956,Crime,8.0,84,,1950
The Night of the Hunter,1955,Crime,8.0,92,0.654,1950
La Strada,1954,Drama,8.0,108,,1950
Les diaboliques,1955,Crime,8.0,117,,1950
Stalag 17,1953,Comedy,8.0,120,,1950
Roman Holiday,1953,Comedy,8.0,118,,1950
A Streetcar Named Desire,1951,Drama,8.0,122,8.0,1950
In a Lonely Place,1950,Drama,8.0,94,,1950
Kind Hearts and Coronets,1949,Comedy,8.0,106,,1940
Rope,1948,Crime,8.0,80,,1940
Out of the Past,1947,Crime,8.0,97,,1940
Brief Encounter,1945,Drama,8.0,86,,1940
Laura,1944,Drama,8.0,88,4.36,1940
The Best Years of Our Lives,1946,Drama,8.0,170,23.65,1940
Arsenic and Old Lace,1942,Comedy,8.0,118,,1940
The Maltese Falcon,1941,Film-Noir,8.0,100,2.10806,1940
The Grapes of Wrath,1940,Drama,8.0,129,0.055,1940
The Wizard of Oz,1939,Adventure,8.0,102,2.07602,1930
La règle du jeu,1939,Comedy,8.0,110,,1930
The Thin Man,1934,Comedy,8.0,91,,1930
All Quiet on the Western Front,1930,Drama,8.0,152,3.27,1930
Bronenosets Potemkin,1925,Drama,8.0,75,0.05097,1920
Knives Out,2019,Comedy,7.9,130,165.359751,2010
Dil Bechara,2020,Comedy,7.9,101,,2020
Manbiki kazoku,2018,Crime,7.9,121,3.313513,2010
Marriage Story,2019,Comedy,7.9,137,2.0,2010
Call Me by Your Name,2017,Drama,7.9,132,18.095701,2010
"I, Daniel Blake",2016,Drama,7.9,100,0.258168,2010
Isle of Dogs,2018,Animation,7.9,101,32.015231,2010
Hunt for the Wilderpeople,2016,Adventure,7.9,101,5.202582,2010
Captain Fantastic,2016,Comedy,7.9,118,5.875006,2010
Sing Street,2016,Comedy,7.9,106,3.237118,2010
Thor: Ragnarok,2017,Action,7.9,130,315.058289,2010
Nightcrawler,2014,Crime,7.9,117,32.381218,2010
Jojo Rabbit,2019,Comedy,7.9,108,0.349555,2010
Arrival,2016,Drama,7.9,116,100.546139,2010
Star Wars: Episode VII - The Force Awakens,2015,Action,7.9,138,936.662225,2010
Before Midnight,2013,Drama,7.9,109,8.114627,2010
X-Men: Days of Future Past,2014,Action,7.9,132,233.921534,2010
Bir Zamanlar Anadolu'da,2011,Crime,7.9,157,0.13873,2010
The Artist,2011,Comedy,7.9,100,44.671682,2010
Edge of Tomorrow,2014,Action,7.9,113,100.206256,2010
Amour,2012,Drama,7.9,127,6.739492,2010
The Irishman,2019,Biography,7.9,209,7.0,2010
Un prophète,2009,Crime,7.9,155,2.084637,2000
Moon,2009,Drama,7.9,97,5.009677,2000
Låt den rätte komma in,2008,Crime,7.9,114,2.122065,2000
District 9,2009,Action,7.9,112,115.646235,2000
The Wrestler,2008,Drama,7.9,109,26.236603,2000
Jab We Met,2007,Comedy,7.9,138,0.4108,2000
Boyhood,2014,Drama,7.9,165,25.379975,2010
"4 luni, 3 saptamâni si 2 zile",2007,Drama,7.9,113,1.185783,2000
Star Trek,2009,Action,7.9,127,257.730019,2000
In Bruges,2008,Comedy,7.9,107,7.75713,2000
The Man from Earth,2007,Drama,7.9,87,,2000
Letters from Iwo Jima,2006,Action,7.9,141,13.756082,2000
The Fall,2006,Adventure,7.9,117,2.280348,2000
Life of Pi,2012,Adventure,7.9,127,124.987023,2010
Fantastic Mr. Fox,2009,Animation,7.9,87,21.002919,2000
C.R.A.Z.Y.,2005,Comedy,7.9,129,,2000
Les choristes,2004,Drama,7.9,97,3.635164,2000
Iron Man,2008,Action,7.9,126,318.412101,2000
Shaun of the Dead,2004,Comedy,7.9,99,13.542874,2000
Gegen die Wand,2004,Drama,7.9,121,,2000
Mystic River,2003,Crime,7.9,138,90.135191,2000
Harry Potter and the Prisoner of Azkaban,2004,Adventure,7.9,142,249.358727,2000
Ying xiong,2002,Action,7.9,120,53.710019,2000
Hable con ella,2002,Drama,7.9,112,9.284265,2000
No Man's Land,2001,Comedy,7.9,98,1.05983,2000
Cowboy Bebop: Tengoku no tobira,2001,Animation,7.9,115,1.000045,2000
The Bourne Identity,2002,Action,7.9,119,121.661683,2000
Nueve reinas,2000,Crime,7.9,114,1.221261,2000
Children of Men,2006,Adventure,7.9,109,35.552383,2000
Almost Famous,2000,Adventure,7.9,122,32.53485,2000
Mulholland Dr.,2001,Drama,7.9,147,7.220243,2000
Toy Story 2,1999,Animation,7.9,92,245.852179,1990
Boogie Nights,1997,Drama,7.9,155,26.40064,1990
Mimi wo sumaseba,1995,Animation,7.9,111,,1990
Once Were Warriors,1994,Crime,7.9,102,2.201126,1990
True Romance,1993,Crime,7.9,119,12.2815,1990
Trois couleurs: Bleu,1993,Drama,7.9,94,1.324974,1990
Jûbê ninpûchô,1993,Animation,7.9,94,,1990
Carlito's Way,1993,Crime,7.9,144,36.948322,1990
Edward Scissorhands,1990,Drama,7.9,105,56.362352,1990
My Left Foot: The Story of Christy Brown,1989,Biography,7.9,103,14.743391,1980
Crimes and Misdemeanors,1989,Comedy,7.9,104,18.254702,1980
The Untouchables,1987,Crime,7.9,119,76.270454,1980
Hannah and Her Sisters,1986,Comedy,7.9,107,40.084041,1980
Brazil,1985,Drama,7.9,132,9.929135,1980
This Is Spinal Tap,1984,Comedy,7.9,82,0.188751,1980
A Christmas Story,1983,Comedy,7.9,93,20.605209,1980
The Blues Brothers,1980,Action,7.9,133,57.22989,1980
Manhattan,1979,Comedy,7.9,96,45.7,1970
All That Jazz,1979,Drama,7.9,123,37.823676,1970
Dawn of the Dead,1978,Action,7.9,127,5.1,1970
All the President's Men,1976,Biography,7.9,138,70.6,1970
La montaña sagrada,1973,Adventure,7.9,114,0.061001,1970
Amarcord,1973,Comedy,7.9,123,,1970
Le charme discret de la bourgeoisie,1972,Comedy,7.9,102,0.198809,1970
"Aguirre, der Zorn Gottes",1972,Action,7.9,95,,1970
Harold and Maude,1971,Comedy,7.9,91,,1970
Patton,1970,Biography,7.9,172,61.7,1970
The Wild Bunch,1969,Action,7.9,145,12.064472,1960
Night of the Living Dead,1968,Horror,7.9,96,0.089029,1960
The Lion in Winter,1968,Biography,7.9,134,22.276975,1960
In the Heat of the Night,1967,Crime,7.9,110,24.379978,1960
Charade,1963,Comedy,7.9,113,13.474588,1960
The Manchurian Candidate,1962,Drama,7.9,126,,1960
Spartacus,1960,Adventure,7.9,197,30.0,1960
L'avventura,1960,Drama,7.9,144,,1960
Hiroshima mon amour,1959,Drama,7.9,90,0.0883,1950
The Ten Commandments,1956,Adventure,7.9,220,93.74,1950
The Searchers,1956,Adventure,7.9,119,,1950
East of Eden,1955,Drama,7.9,118,,1950
High Noon,1952,Drama,7.9,85,9.45,1950
Strangers on a Train,1951,Crime,7.9,101,7.63,1950
Harvey,1950,Comedy,7.9,104,,1950
Miracle on 34th Street,1947,Comedy,7.9,96,2.65,1940
Notorious,1946,Drama,7.9,102,10.464,1940
The Big Sleep,1946,Crime,7.9,114,6.54,1940
The Lost Weekend,1945,Drama,7.9,101,9.46,1940
The Philadelphia Story,1940,Comedy,7.9,112,,1940
His Girl Friday,1940,Comedy,7.9,92,0.296,1940
The Adventures of Robin Hood,1938,Action,7.9,102,3.981,1930
A Night at the Opera,1935,Comedy,7.9,96,2.53752,1930
King Kong,1933,Adventure,7.9,100,10.0,1930
Freaks,1932,Drama,7.9,64,,1930
Nosferatu,1922,Fantasy,7.9,94,,1920
The Gentlemen,2019,Action,7.8,113,,2010
Raazi,2018,Action,7.8,138,,2010
Sound of Metal,2019,Drama,7.8,120,,2010
Forushande,2016,Drama,7.8,124,2.402067,2010
Dunkirk,2017,Action,7.8,106,188.373161,2010
Perfetti sconosciuti,2016,Comedy,7.8,96,,2010
Hidden Figures,2016,Biography,7.8,127,169.607287,2010
Paddington 2,2017,Adventure,7.8,103,40.442052,2010
Udta Punjab,2016,Action,7.8,148,,2010
Kubo and the Two Strings,2016,Animation,7.8,101,48.023088,2010
M.S. Dhoni: The Untold Story,2016,Biography,7.8,184,1.782795,2010
Manchester by the Sea,2016,Drama,7.8,137,47.69512,2010
Under sandet,2015,Drama,7.8,100,0.435266,2010
Rogue One,2016,Action,7.8,133,532.177324,2010
Captain America: Civil War,2016,Action,7.8,147,408.084349,2010
The Hateful Eight,2015,Crime,7.8,168,54.117416,2010
Little Women,2019,Drama,7.8,135,108.101214,2010
Loving Vincent,2017,Animation,7.8,94,6.735118,2010
Pride,2014,Biography,7.8,119,,2010
Le passé,2013,Drama,7.8,130,1.330596,2010
La grande bellezza,2013,Drama,7.8,141,2.8524,2010
The Lunchbox,2013,Drama,7.8,104,4.2315,2010
Vicky Donor,2012,Comedy,7.8,126,0.169209,2010
Big Hero 6,2014,Animation,7.8,102,222.527828,2010
About Time,2013,Comedy,7.8,123,15.322921,2010
English Vinglish,2012,Comedy,7.8,134,1.670773,2010
Kaze tachinu,2013,Animation,7.8,126,5.20958,2010
Toy Story 4,2019,Animation,7.8,100,434.038008,2010
La migliore offerta,2013,Crime,7.8,131,0.085433,2010
Moonrise Kingdom,2012,Comedy,7.8,94,45.512466,2010
How to Train Your Dragon 2,2014,Animation,7.8,102,177.002924,2010
The Big Short,2015,Biography,7.8,130,70.25987,2010
Kokuhaku,2010,Drama,7.8,106,,2010
Ang-ma-reul bo-at-da,2010,Action,7.8,144,0.128392,2010
The Girl with the Dragon Tattoo,2011,Crime,7.8,158,102.515793,2010
Captain Phillips,2013,Adventure,7.8,134,107.100855,2010
Ajeossi,2010,Action,7.8,119,0.00646,2010
Straight Outta Compton,2015,Biography,7.8,147,161.197785,2010
Madeo,2009,Crime,7.8,129,0.547292,2000
Chugyeokja,2008,Action,7.8,125,,2000
The Hobbit: The Desolation of Smaug,2013,Adventure,7.8,161,258.366855,2010
Das weiße Band - Eine deutsche Kindergeschichte,2009,Drama,7.8,144,2.222647,2000
Män som hatar kvinnor,2009,Crime,7.8,152,10.09517,2000
The Trial of the Chicago 7,2020,Drama,7.8,129,,2020
Druk,2020,Comedy,7.8,117,,2020
The Fighter,2010,Biography,7.8,116,93.617009,2010
Taken,2008,Action,7.8,90,145.000989,2000
The Boy in the Striped Pyjamas,2008,Drama,7.8,94,9.030581,2000
Once,2007,Drama,7.8,86,9.439923,2000
The Hobbit: An Unexpected Journey,2012,Adventure,7.8,169,303.003568,2010
Auf der anderen Seite,2007,Drama,7.8,122,0.741283,2000
Atonement,2007,Drama,7.8,123,50.927067,2000
Drive,2011,Crime,7.8,100,35.061555,2010
American Gangster,2007,Biography,7.8,157,130.164645,2000
Avatar,2009,Action,7.8,162,760.507625,2000
Mr. Nobody,2009,Drama,7.8,141,0.0036,2000
Apocalypto,2006,Action,7.8,139,50.866635,2000
Little Miss Sunshine,2006,Comedy,7.8,101,59.891098,2000
Hot Fuzz,2007,Action,7.8,121,23.637265,2000
The Curious Case of Benjamin Button,2008,Drama,7.8,166,127.509326,2000
Veer-Zaara,2004,Drama,7.8,192,2.921738,2000
Adams æbler,2005,Comedy,7.8,94,0.001305,2000
Pride & Prejudice,2005,Drama,7.8,129,38.405088,2000
The World's Fastest Indian,2005,Biography,7.8,127,5.128124,2000
Tôkyô goddofâzâzu,2003,Animation,7.8,90,0.128985,2000
Serenity,2005,Action,7.8,119,25.514517,2000
Walk the Line,2005,Biography,7.8,136,119.519402,2000
Ondskan,2003,Drama,7.8,113,0.01528,2000
The Notebook,2004,Drama,7.8,123,81.001787,2000
Diarios de motocicleta,2004,Adventure,7.8,126,16.756372,2000
Lilja 4-ever,2002,Crime,7.8,109,0.181655,2000
Les triplettes de Belleville,2003,Animation,7.8,80,7.002255,2000
Gongdong gyeongbi guyeok JSA,2000,Action,7.8,110,,2000
The Count of Monte Cristo,2002,Action,7.8,131,54.234062,2000
Waking Life,2001,Animation,7.8,99,2.892011,2000
Remember the Titans,2000,Biography,7.8,113,115.654751,2000
Wo hu cang long,2000,Action,7.8,120,128.078872,2000
Todo sobre mi madre,1999,Drama,7.8,101,8.26453,1990
Cast Away,2000,Adventure,7.8,143,233.632142,2000
The Boondock Saints,1999,Action,7.8,108,0.025812,1990
The Insider,1999,Biography,7.8,157,28.965197,1990
October Sky,1999,Biography,7.8,108,32.481825,1990
Shrek,2001,Animation,7.8,90,267.665011,2000
Titanic,1997,Drama,7.8,194,659.325379,1990
Hana-bi,1997,Crime,7.8,103,0.233986,1990
Gattaca,1997,Drama,7.8,106,12.339633,1990
The Game,1997,Action,7.8,129,48.323648,1990
Breaking the Waves,1996,Drama,7.8,159,4.040691,1990
Ed Wood,1994,Biography,7.8,127,5.887457,1990
What's Eating Gilbert Grape,1993,Drama,7.8,118,9.170214,1990
Tombstone,1993,Action,7.8,130,56.505065,1990
The Sandlot,1993,Comedy,7.8,101,32.416586,1990
The Remains of the Day,1993,Drama,7.8,134,22.954968,1990
Naked,1993,Comedy,7.8,132,1.769305,1990
The Fugitive,1993,Action,7.8,130,183.87576,1990
A Bronx Tale,1993,Crime,7.8,121,17.266971,1990
Batman: Mask of the Phantasm,1993,Animation,7.8,76,5.617391,1990
Lat sau san taam,1992,Action,7.8,128,,1990
Night on Earth,1991,Comedy,7.8,129,2.01581,1990
La double vie de Véronique,1991,Drama,7.8,98,1.999955,1990
Boyz n the Hood,1991,Crime,7.8,112,57.504069,1990
Misery,1990,Drama,7.8,107,61.276872,1990
Awakenings,1990,Biography,7.8,121,52.096475,1990
Majo no takkyûbin,1989,Animation,7.8,103,,1980
Glory,1989,Biography,7.8,122,26.83,1980
Dip huet seung hung,1989,Action,7.8,111,,1980
Back to the Future Part II,1989,Adventure,7.8,108,118.5,1980
Mississippi Burning,1988,Crime,7.8,128,34.603943,1980
Predator,1987,Action,7.8,107,59.735548,1980
Evil Dead II,1987,Action,7.8,84,5.923044,1980
Ferris Bueller's Day Off,1986,Comedy,7.8,103,70.136369,1980
Down by Law,1986,Comedy,7.8,107,1.436,1980
The Goonies,1985,Adventure,7.8,114,61.503218,1980
The Color Purple,1985,Drama,7.8,154,98.467863,1980
The Breakfast Club,1985,Comedy,7.8,97,45.875171,1980
The Killing Fields,1984,Biography,7.8,141,34.700291,1980
Ghostbusters,1984,Action,7.8,105,238.632124,1980
The Right Stuff,1983,Adventure,7.8,193,21.5,1980
The King of Comedy,1982,Comedy,7.8,109,2.5,1980
E.T. the Extra-Terrestrial,1982,Family,7.8,115,435.110554,1980
Kramer vs. Kramer,1979,Drama,7.8,105,106.26,1970
Days of Heaven,1978,Drama,7.8,94,,1970
The Outlaw Josey Wales,1976,Western,7.8,135,31.8,1970
The Man Who Would Be King,1975,Adventure,7.8,129,,1970
The Conversation,1974,Drama,7.8,113,4.42,1970
La planète sauvage,1973,Animation,7.8,72,0.193817,1970
The Day of the Jackal,1973,Crime,7.8,143,16.056255,1970
Badlands,1973,Action,7.8,94,,1970
Cabaret,1972,Drama,7.8,124,42.765,1970
Willy Wonka & the Chocolate Factory,1971,Family,7.8,100,4.0,1970
Midnight Cowboy,1969,Drama,7.8,113,44.785053,1960
Wait Until Dark,1967,Thriller,7.8,108,17.550741,1960
Guess Who's Coming to Dinner,1967,Comedy,7.8,108,56.7,1960
Bonnie and Clyde,1967,Action,7.8,111,,1960
My Fair Lady,1964,Drama,7.8,170,72.0,1960
Mary Poppins,1964,Comedy,7.8,139,102.272727,1960
The Longest Day,1962,Action,7.8,178,39.1,1960
Jules et Jim,1962,Drama,7.8,105,,1960
The Innocents,1961,Horror,7.8,100,2.616,1960
À bout de souffle,1960,Crime,7.8,90,0.336705,1960
Red River,1948,Action,7.8,133,,1940
Key Largo,1948,Action,7.8,100,,1940
To Have and Have Not,1944,Adventure,7.8,100,,1940
Shadow of a Doubt,1943,Film-Noir,7.8,108,,1940
Stagecoach,1939,Adventure,7.8,96,,1930
The Lady Vanishes,1938,Mystery,7.8,96,,1930
Bringing Up Baby,1938,Comedy,7.8,102,,1930
Bride of Frankenstein,1935,Drama,7.8,75,4.36,1930
Duck Soup,1933,Comedy,7.8,69,,1930
Scarface: The Shame of the Nation,1932,Action,7.8,93,,1930
Frankenstein,1931,Drama,7.8,70,,1930
Roma,2018,Drama,7.7,135,,2010
God's Own Country,2017,Drama,7.7,104,0.335609,2010
Deadpool 2,2018,Action,7.7,119,324.591735,2010
Wind River,2017,Crime,7.7,107,33.800859,2010
Get Out,2017,Horror,7.7,104,176.040665,2010
Mission: Impossible - Fallout,2018,Action,7.7,147,220.159104,2010
En man som heter Ove,2015,Comedy,7.7,116,3.358518,2010
What We Do in the Shadows,2014,Comedy,7.7,86,3.333,2010
Omoide no Mânî,2014,Animation,7.7,103,0.765127,2010
The Theory of Everything,2014,Biography,7.7,123,35.893537,2010
Kingsman: The Secret Service,2014,Action,7.7,129,128.261724,2010
The Fault in Our Stars,2014,Drama,7.7,126,124.87235,2010
Me and Earl and the Dying Girl,2015,Comedy,7.7,105,6.743776,2010
Birdman or (The Unexpected Virtue of Ignorance),2014,Comedy,7.7,119,42.340598,2010
La vie d'Adèle,2013,Drama,7.7,180,2.199675,2010
Kai po che!,2013,Drama,7.7,130,1.122527,2010
The Broken Circle Breakdown,2012,Drama,7.7,111,0.175058,2010
Captain America: The Winter Soldier,2014,Action,7.7,136,259.766572,2010
Rockstar,2011,Drama,7.7,159,0.985912,2010
Nebraska,2013,Adventure,7.7,115,17.654912,2010
Wreck-It Ralph,2012,Animation,7.7,101,189.422889,2010
Le Petit Prince,2015,Animation,7.7,108,1.339152,2010
Detachment,2011,Drama,7.7,98,0.071177,2010
Midnight in Paris,2011,Comedy,7.7,96,56.816662,2010
The Lego Movie,2014,Animation,7.7,100,257.760692,2010
Gravity,2013,Drama,7.7,91,274.092705,2010
Star Trek Into Darkness,2013,Action,7.7,132,228.778661,2010
Beasts of No Nation,2015,Drama,7.7,137,0.083861,2010
The Social Network,2010,Biography,7.7,120,96.962694,2010
X: First Class,2011,Action,7.7,131,146.408305,2010
The Hangover,2009,Comedy,7.7,100,277.322503,2000
Skyfall,2012,Action,7.7,143,304.360277,2010
Silver Linings Playbook,2012,Comedy,7.7,122,132.092958,2010
Argo,2012,Biography,7.7,120,136.025503,2010
(500) Days of Summer,2009,Comedy,7.7,95,32.391374,2000
Harry Potter and the Deathly Hallows: Part 1,2010,Adventure,7.7,146,295.983305,2010
Gake no ue no Ponyo,2008,Animation,7.7,101,15.0904,2000
Frost/Nixon,2008,Biography,7.7,122,18.593156,2000
Papurika,2006,Animation,7.7,90,0.881302,2000
Changeling,2008,Biography,7.7,141,35.739802,2000
Flipped,2010,Comedy,7.7,90,1.752214,2010
Toki o kakeru shôjo,2006,Animation,7.7,98,,2000
Death Note: Desu nôto,2006,Crime,7.7,126,,2000
This Is England,2006,Crime,7.7,101,0.327919,2000
Ex Machina,2014,Drama,7.7,108,25.442958,2010
Efter brylluppet,2006,Drama,7.7,120,0.412544,2000
The Last King of Scotland,2006,Biography,7.7,123,17.605861,2000
Zodiac,2007,Crime,7.7,157,33.080084,2000
Lucky Number Slevin,2006,Action,7.7,110,22.494487,2000
Joyeux Noël,2005,Drama,7.7,116,1.054361,2000
Control,2007,Biography,7.7,122,0.871577,2000
Tangled,2010,Animation,7.7,100,200.821936,2010
Zwartboek,2006,Drama,7.7,145,4.398392,2000
Brokeback Mountain,2005,Drama,7.7,134,83.043761,2000
3:10 to Yuma,2007,Action,7.7,122,53.606916,2000
Crash,2004,Crime,7.7,112,54.5803,2000
Kung fu,2004,Action,7.7,99,17.108591,2000
The Bourne Supremacy,2004,Action,7.7,108,176.241941,2000
The Machinist,2004,Drama,7.7,101,1.082715,2000
Ray,2004,Biography,7.7,152,75.3316,2000
Lost in Translation,2003,Comedy,7.7,102,44.585453,2000
Harry Potter and the Goblet of Fire,2005,Adventure,7.7,157,290.013036,2000
Man on Fire,2004,Action,7.7,146,77.911774,2000
Coraline,2009,Animation,7.7,100,75.286229,2000
The Last Samurai,2003,Action,7.7,154,111.110575,2000
The Magdalene Sisters,2002,Drama,7.7,114,4.890878,2000
Good Bye Lenin!,2003,Comedy,7.7,121,4.0642,2000
In America,2002,Drama,7.7,105,15.539266,2000
I Am Sam,2001,Drama,7.7,132,40.311852,2000
Adaptation.,2002,Comedy,7.7,115,22.245861,2000
Black Hawk Down,2001,Drama,7.7,144,108.638745,2000
Road to Perdition,2002,Crime,7.7,117,104.454762,2000
Das Experiment,2001,Drama,7.7,120,0.141072,2000
Billy Elliot,2000,Drama,7.7,110,21.995263,2000
Hedwig and the Angry Inch,2001,Comedy,7.7,95,3.029081,2000
Ocean's Eleven,2001,Crime,7.7,116,183.41715,2000
Vampire Hunter D: Bloodlust,2000,Animation,7.7,103,0.151086,2000
"O Brother, Where Art Thou?",2000,Adventure,7.7,107,45.512588,2000
Interstate 60: Episodes of the Road,2002,Adventure,7.7,116,,2000
"South Park: Bigger, Longer & Uncut",1999,Animation,7.7,81,52.037603,1990
Office Space,1999,Comedy,7.7,89,10.824921,1990
Happiness,1998,Comedy,7.7,134,2.80739,1990
Training Day,2001,Crime,7.7,122,76.631907,2000
Rushmore,1998,Comedy,7.7,93,17.105219,1990
Abre los ojos,1997,Drama,7.7,119,0.368234,1990
Being John Malkovich,1999,Comedy,7.7,113,22.858926,1990
As Good as It Gets,1997,Comedy,7.7,139,148.478011,1990
The Fifth Element,1997,Action,7.7,126,63.54002,1990
Le dîner de cons,1998,Comedy,7.7,80,4.065116,1990
Donnie Brasco,1997,Biography,7.7,127,41.909762,1990
Shine,1996,Biography,7.7,105,35.811509,1990
Primal Fear,1996,Crime,7.7,129,56.116183,1990
Hamlet,1996,Drama,7.7,242,4.414535,1990
A Little Princess,1995,Drama,7.7,97,10.019307,1990
Do lok tin si,1995,Comedy,7.7,99,,1990
Il postino,1994,Biography,7.7,108,21.848932,1990
Clerks,1994,Comedy,7.7,92,3.15113,1990
Short Cuts,1993,Comedy,7.7,188,6.110979,1990
Philadelphia,1993,Drama,7.7,125,77.324422,1990
The Muppet Christmas Carol,1992,Comedy,7.7,85,27.281507,1990
Malcolm X,1992,Biography,7.7,202,48.169908,1990
The Last of the Mohicans,1992,Action,7.7,112,75.505856,1990
Kurenai no buta,1992,Animation,7.7,94,,1990
Glengarry Glen Ross,1992,Crime,7.7,100,10.725228,1990
A Few Good Men,1992,Drama,7.7,138,141.340178,1990
Fried Green Tomatoes,1991,Drama,7.7,130,82.418501,1990
Barton Fink,1991,Comedy,7.7,116,6.153939,1990
Miller's Crossing,1990,Crime,7.7,115,5.080409,1990
Who Framed Roger Rabbit,1988,Animation,7.7,104,156.45237,1980
Spoorloos,1988,Mystery,7.7,107,,1980
Withnail & I,1987,Comedy,7.7,107,1.544889,1980
The Last Emperor,1987,Biography,7.7,163,43.98423,1980
Empire of the Sun,1987,Action,7.7,153,22.238696,1980
Der Name der Rose,1986,Crime,7.7,130,7.153487,1980
Blue Velvet,1986,Drama,7.7,120,8.551228,1980
The Purple Rose of Cairo,1985,Comedy,7.7,82,10.631333,1980
After Hours,1985,Comedy,7.7,97,10.6,1980
Zelig,1983,Comedy,7.7,79,11.798616,1980
The Verdict,1982,Drama,7.7,129,54.0,1980
Star Trek II: The Wrath of Khan,1982,Action,7.7,113,78.912963,1980
First Blood,1982,Action,7.7,93,47.212904,1980
Ordinary People,1980,Drama,7.7,124,54.8,1980
Airplane!,1980,Comedy,7.7,88,83.4,1980
Rupan sansei: Kariosutoro no shiro,1979,Animation,7.7,100,,1970
Halloween,1978,Horror,7.7,91,47.0,1970
Le locataire,1976,Drama,7.7,126,1.924733,1970
Love and Death,1975,Comedy,7.7,85,,1970
The Taking of Pelham One Two Three,1974,Action,7.7,104,,1970
Blazing Saddles,1974,Comedy,7.7,93,119.5,1970
Serpico,1973,Biography,7.7,130,29.8,1970
Enter the Dragon,1973,Action,7.7,102,25.0,1970
Deliverance,1972,Adventure,7.7,109,7.056013,1970
The French Connection,1971,Action,7.7,104,15.63071,1970
Dirty Harry,1971,Action,7.7,102,35.9,1970
Where Eagles Dare,1968,Action,7.7,158,,1960
The Odd Couple,1968,Comedy,7.7,105,44.527234,1960
The Dirty Dozen,1967,Action,7.7,150,45.3,1960
Belle de jour,1967,Drama,7.7,100,0.026331,1960
A Man for All Seasons,1966,Biography,7.7,120,28.35,1960
Repulsion,1965,Drama,7.7,105,,1960
Zulu,1964,Drama,7.7,138,,1960
Goldfinger,1964,Action,7.7,110,51.081062,1960
The Birds,1963,Drama,7.7,119,11.403529,1960
Cape Fear,1962,Drama,7.7,106,,1960
Peeping Tom,1960,Drama,7.7,101,0.083957,1960
The Magnificent Seven,1960,Action,7.7,128,4.905,1960
Les yeux sans visage,1960,Drama,7.7,90,0.052709,1960
Invasion of the Body Snatchers,1956,Drama,7.7,80,,1950
Rebel Without a Cause,1955,Drama,7.7,111,,1950
The Ladykillers,1955,Comedy,7.7,91,,1950
Sabrina,1954,Comedy,7.7,113,,1950
The Quiet Man,1952,Comedy,7.7,129,10.55,1950
The Day the Earth Stood Still,1951,Drama,7.7,92,,1950
The African Queen,1951,Adventure,7.7,105,0.536118,1950
Gilda,1946,Drama,7.7,110,,1940
Fantasia,1940,Animation,7.7,125,76.408097,1940
The Invisible Man,1933,Horror,7.7,71,,1930
Dark Waters,2019,Biography,7.6,126,,2010
Searching,2018,Drama,7.6,102,26.020957,2010
Once Upon a Time... in Hollywood,2019,Comedy,7.6,161,142.502728,2010
Nelyubov,2017,Drama,7.6,127,0.566356,2010
The Florida Project,2017,Drama,7.6,111,5.904366,2010
Just Mercy,2019,Biography,7.6,137,,2010
Gifted,2017,Drama,7.6,101,24.801212,2010
The Peanut Butter Falcon,2019,Adventure,7.6,97,13.122642,2010
Victoria,2015,Crime,7.6,138,,2010
Mustang,2015,Drama,7.6,97,0.845464,2010
Guardians of the Galaxy Vol. 2,2017,Action,7.6,136,389.813101,2010
Baby Driver,2017,Action,7.6,113,107.825862,2010
Only the Brave,2017,Action,7.6,134,18.340051,2010
Bridge of Spies,2015,Drama,7.6,142,72.313754,2010
Incredibles 2,2018,Animation,7.6,118,608.581744,2010
Moana,2016,Animation,7.6,107,248.757044,2010
Sicario,2015,Action,7.6,121,46.889293,2010
Creed,2015,Drama,7.6,133,109.767581,2010
Leviafan,2014,Crime,7.6,140,1.0928,2010
Hell or High Water,2016,Action,7.6,102,26.86245,2010
Philomena,2013,Biography,7.6,98,37.707719,2010
Dawn of the Planet of the Apes,2014,Action,7.6,130,208.545589,2010
El cuerpo,2012,Mystery,7.6,112,,2010
Serbuan maut,2011,Action,7.6,101,4.105123,2010
End of Watch,2012,Action,7.6,109,41.003371,2010
Kari-gurashi no Arietti,2010,Animation,7.6,94,19.202743,2010
A Star Is Born,2018,Drama,7.6,136,215.288866,2010
True Grit,2010,Drama,7.6,110,171.243005,2010
Hævnen,2010,Drama,7.6,118,1.008098,2010
Despicable Me,2010,Animation,7.6,95,251.513985,2010
50/50,2011,Comedy,7.6,100,35.014192,2010
Kick-Ass,2010,Action,7.6,117,48.071303,2010
Celda 211,2009,Action,7.6,113,,2000
Moneyball,2011,Biography,7.6,133,75.605492,2010
La piel que habito,2011,Drama,7.6,120,3.185812,2010
Zombieland,2009,Adventure,7.6,88,75.590286,2000
Die Welle,2008,Drama,7.6,107,,2000
Sherlock Holmes,2009,Action,7.6,128,209.028679,2000
The Blind Side,2009,Biography,7.6,129,255.959475,2000
The Visitor,2007,Drama,7.6,104,9.422422,2000
Seven Pounds,2008,Drama,7.6,123,69.951824,2000
Eastern Promises,2007,Action,7.6,100,17.114882,2000
Stardust,2007,Adventure,7.6,127,38.634938,2000
The Secret of Kells,2009,Animation,7.6,71,0.686383,2000
Inside Man,2006,Crime,7.6,129,88.513495,2000
Gone Baby Gone,2007,Crime,7.6,114,20.300218,2000
La Vie En Rose,2007,Biography,7.6,140,10.301706,2000
Huo Yuan Jia,2006,Action,7.6,104,24.63373,2000
The Illusionist,2006,Drama,7.6,110,39.868642,2000
Dead Man's Shoes,2004,Crime,7.6,90,0.006013,2000
Harry Potter and the Half-Blood Prince,2009,Action,7.6,153,301.959197,2000
300,2006,Action,7.6,117,210.614939,2000
Match Point,2005,Drama,7.6,124,23.089926,2000
Watchmen,2009,Action,7.6,162,107.509799,2000
Lord of War,2005,Action,7.6,122,24.149632,2000
Saw,2004,Horror,7.6,103,56.000369,2000
"Synecdoche, New York",2008,Drama,7.6,124,3.081925,2000
Mysterious Skin,2004,Drama,7.6,105,0.697181,2000
Jeux d'enfants,2003,Comedy,7.6,93,0.548707,2000
Un long dimanche de fiançailles,2004,Drama,7.6,133,6.167817,2000
The Station Agent,2003,Comedy,7.6,89,5.739376,2000
21 Grams,2003,Crime,7.6,124,16.290476,2000
Boksuneun naui geot,2002,Crime,7.6,129,0.045289,2000
Finding Neverland,2004,Biography,7.6,106,51.680613,2000
25th Hour,2002,Drama,7.6,135,13.060843,2000
The Butterfly Effect,2004,Drama,7.6,113,57.938693,2000
28 Days Later...,2002,Drama,7.6,113,45.064915,2000
Batoru rowaiaru,2000,Action,7.6,114,,2000
The Royal Tenenbaums,2001,Comedy,7.6,110,52.36401,2000
Y tu mamá también,2001,Drama,7.6,106,13.622333,2000
Harry Potter and the Sorcerer's Stone,2001,Adventure,7.6,152,317.57555,2000
The Others,2001,Horror,7.6,101,96.522687,2000
Blow,2001,Biography,7.6,124,52.990775,2000
Enemy at the Gates,2001,Drama,7.6,131,51.401758,2000
Minority Report,2002,Action,7.6,145,132.072926,2000
The Hurricane,1999,Biography,7.6,146,50.668906,1990
American Psycho,2000,Comedy,7.6,101,15.070285,2000
Lola rennt,1998,Crime,7.6,81,7.267585,1990
The Thin Red Line,1998,Drama,7.6,170,36.400491,1990
Mulan,1998,Animation,7.6,88,120.620254,1990
Fear and Loathing in Las Vegas,1998,Adventure,7.6,118,10.680275,1990
Funny Games,1997,Crime,7.6,108,,1990
Dark City,1998,Mystery,7.6,100,14.378331,1990
Sleepers,1996,Crime,7.6,147,49.1,1990
Lost Highway,1997,Mystery,7.6,134,3.796699,1990
Sense and Sensibility,1995,Drama,7.6,136,43.182776,1990
Die Hard: With a Vengeance,1995,Action,7.6,128,100.012499,1990
Dead Man,1995,Adventure,7.6,121,1.037847,1990
The Bridges of Madison County,1995,Drama,7.6,135,71.516617,1990
Trois couleurs: Blanc,1994,Comedy,7.6,92,1.464625,1990
Falling Down,1993,Action,7.6,113,40.903593,1990
Dazed and Confused,1993,Comedy,7.6,102,7.993039,1990
My Cousin Vinny,1992,Comedy,7.6,120,52.929168,1990
Omohide poro poro,1991,Animation,7.6,118,0.453243,1990
Delicatessen,1991,Comedy,7.6,99,1.794187,1990
Home Alone,1990,Comedy,7.6,103,285.761243,1990
The Godfather: Part III,1990,Crime,7.6,162,66.666062,1990
When Harry Met Sally...,1989,Comedy,7.6,95,92.8236,1980
The Little Mermaid,1989,Animation,7.6,83,111.543479,1980
The Naked Gun: From the Files of Police Squad!,1988,Comedy,7.6,85,78.756177,1980
"Planes, Trains & Automobiles",1987,Comedy,7.6,93,49.53028,1980
Lethal Weapon,1987,Action,7.6,109,65.207127,1980
Blood Simple,1984,Crime,7.6,99,2.15,1980
On Golden Pond,1981,Drama,7.6,109,119.285432,1980
Mad Max 2,1981,Action,7.6,96,12.465371,1980
The Warriors,1979,Action,7.6,92,22.490039,1970
The Muppet Movie,1979,Adventure,7.6,95,76.657,1970
Escape from Alcatraz,1979,Action,7.6,112,43.0,1970
Watership Down,1978,Animation,7.6,91,,1970
Midnight Express,1978,Biography,7.6,121,35.0,1970
Close Encounters of the Third Kind,1977,Drama,7.6,138,132.088635,1970
The Long Goodbye,1973,Comedy,7.6,112,0.959,1970
Giù la testa,1971,Drama,7.6,157,0.69669,1970
Kelly's Heroes,1970,Adventure,7.6,144,1.378435,1970
The Jungle Book,1967,Animation,7.6,78,141.843612,1960
Blowup,1966,Drama,7.6,111,,1960
A Hard Day's Night,1964,Comedy,7.6,87,13.780024,1960
Breakfast at Tiffany's,1961,Comedy,7.6,115,,1960
Giant,1956,Drama,7.6,201,,1950
From Here to Eternity,1953,Drama,7.6,118,30.5,1950
Lifeboat,1944,Drama,7.6,97,,1940
The 39 Steps,1935,Crime,7.6,86,,1930
